{"epoch": 749, "loss": 0.05075044980256167, "val_loss": 0.07869046218283884, "start_point_deviation": 0.08076984134431069, "end_point_deviation": 0.16244126021207034, "lr": 0.0, "_timestamp": 1739894460, "_runtime": 52851, "_step": 2250, "success_rate": 0.0, "best_end_point_deviation": 0.1563715798841728, "best_epoch": 653, "_wandb": {"runtime": 52854}}