{"epoch": 676, "loss": 0.0059172923276779674, "val_loss": 0.017518927476235797, "start_point_deviation": 0.03481222857676801, "end_point_deviation": 0.5288746612412589, "lr": 7.442224143903368e-05, "_timestamp": 1740331453, "_runtime": 26622, "_step": 2058, "success_rate": 0.0, "success_rate_lifting_hood": 0.8, "reward": 0.08000000000000002, "best_reward": 0.08000000000000002, "best_epoch": 675}